"_id",source,target,label
57fcf0dfa74da6ac326c4a7b,éƒ­å¿†å‰,éƒ­å¿†å‰,11b616bbbf3c331611864d0695c5e988
57fcf0e0a74da6ac326c4a7c,éƒ­å¿†å‰,éƒ­å¿†å‰,76828c8fb56e81de5e5c4fe81a58c658
57fcf0e0a74da6ac326c4a7d,éƒ­å¿†å‰,å‘¨å…‰è€€,76828c8fb56e81de5e5c4fe81a58c658
57fcf0e0a74da6ac326c4a7e,éƒ­å¿†å‰,éƒ­å¿†å‰,76828c8fb56e81de5e5c4fe81a58c658
57fcf0e0a74da6ac326c4a7f,å‘¨å…‰è€€,éƒ­å¿†å‰,8da9d232a85ad0a5d91f4499f36ad509
57fcf0e0a74da6ac326c4a80,éƒ­å¿†å‰,ä¹¦å­,98e9b811caee72664dec09d42215d3b7
57fcf0e0a74da6ac326c4a81,å‘¨å…‰è€€,éƒ­å¿†å‰,8da9d232a85ad0a5d91f4499f36ad509
57fcf0e0a74da6ac326c4a82,éƒ­å¿†å‰,Haihai Fu,36a5f8511f9d61751f3a46c4fb37d982
57fcf0e0a74da6ac326c4a83,éƒ­å¿†å‰,Haihai Fu,36a5f8511f9d61751f3a46c4fb37d982
57fcf0e0a74da6ac326c4a84,éƒ­å¿†å‰,Haihai Fu,36a5f8511f9d61751f3a46c4fb37d982
57fcf0e0a74da6ac326c4a85,Haihai Fu,Haihai Fu,e5356abf4f1b03faeff24dd3ff10b3a8
57fcf0e0a74da6ac326c4a86,Haihai Fu,éƒ­å¿†å‰,e5356abf4f1b03faeff24dd3ff10b3a8
57fcf0e0a74da6ac326c4a87,ä¹¦å­,éƒ­å¿†å‰,98e9b811caee72664dec09d42215d3b7
57fcf0e0a74da6ac326c4a88,å‘¨å…‰è€€,ä¹¦å­,d56dec74d6102bff730c37f31b582bf4
57fcf0e0a74da6ac326c4a89,ä¹¦å­,ä¹¦å­,d56dec74d6102bff730c37f31b582bf4
57fcf0e0a74da6ac326c4a8a,ä¹¦å­,ä¹¦å­,d56dec74d6102bff730c37f31b582bf4
57fcf0e0a74da6ac326c4a8b,ä¹¦å­,Haihai Fu,d56dec74d6102bff730c37f31b582bf4
57fcf0e0a74da6ac326c4a8c,Haihai Fu,æµ·æµ·,d56dec74d6102bff730c37f31b582bf4
57fcf0e0a74da6ac326c4a8d,ä¹¦å­,seatNumber_è±ª,d56dec74d6102bff730c37f31b582bf4
57fcf0e1a74da6ac326c4a8e,ä¹¦å­,è«å¸Œ,d56dec74d6102bff730c37f31b582bf4
57fcf0e1a74da6ac326c4a8f,ä¹¦å­,wulièŒèŒğŸ”«,d56dec74d6102bff730c37f31b582bf4
57fcf0e1a74da6ac326c4a90,ä¹¦å­,seatNumber_è±ª,d56dec74d6102bff730c37f31b582bf4
57fcf0e1a74da6ac326c4a91,seatNumber_è±ª,seatNumber_è±ª,d56dec74d6102bff730c37f31b582bf4
57fcf0e1a74da6ac326c4a92,ä¹¦å­,ä¾æ ‘,d56dec74d6102bff730c37f31b582bf4
57fcf0e1a74da6ac326c4a93,seatNumber_è±ª,seatNumber_è±ª,d56dec74d6102bff730c37f31b582bf4
57fcf0e1a74da6ac326c4a94,seatNumber_è±ª,å¼ é¹ç¨‹,d56dec74d6102bff730c37f31b582bf4
57fcf0e1a74da6ac326c4a95,ä¹¦å­,éƒ­å¿†å‰,d56dec74d6102bff730c37f31b582bf4
57fcf0e1a74da6ac326c4a96,ä¹¦å­,äº‘å,d56dec74d6102bff730c37f31b582bf4
57fcf0e1a74da6ac326c4a97,seatNumber_è±ª,seatNumber_è±ª,d56dec74d6102bff730c37f31b582bf4
57fcf0e1a74da6ac326c4a98,ä¹¦å­,Archer,d56dec74d6102bff730c37f31b582bf4
57fcf0e1a74da6ac326c4a99,ä¹¦å­,wulièŒèŒğŸ”«,d56dec74d6102bff730c37f31b582bf4
57fcf0e1a74da6ac326c4a9a,ä¹¦å­,Michelle,d56dec74d6102bff730c37f31b582bf4
57fcf0e1a74da6ac326c4a9b,ä¹¦å­,ç±³å…œå¤§å”,d56dec74d6102bff730c37f31b582bf4
57fcf0e1a74da6ac326c4a9c,ä¹¦å­,ç¦å”,d56dec74d6102bff730c37f31b582bf4
57fcf0e1a74da6ac326c4a9d,ä¹¦å­,é£ç«¯,d56dec74d6102bff730c37f31b582bf4
57fcf0e1a74da6ac326c4a9e,ä¹¦å­,Michelle,d56dec74d6102bff730c37f31b582bf4
57fcf0e2a74da6ac326c4a9f,ä¹¦å­,Michelle,d56dec74d6102bff730c37f31b582bf4
57fcf0e2a74da6ac326c4aa0,wulièŒèŒğŸ”«,æ¨æ¡ƒ,0be876c5fca8615a22c5767ccbbc7f3a
57fcf0e2a74da6ac326c4aa1,ä¹¦å­,"PointerTan  ",d56dec74d6102bff730c37f31b582bf4
57fcf0e2a74da6ac326c4aa2,wulièŒèŒğŸ”«,æ¨æ¡ƒ,0be876c5fca8615a22c5767ccbbc7f3a
57fcf0e2a74da6ac326c4aa3,"PointerTan  ","PointerTan  ",26935086f3d51fd7f57d33be1ef54541
57fcf0e2a74da6ac326c4aa4,"PointerTan  ",è¯¢,26935086f3d51fd7f57d33be1ef54541
57fcf0e2a74da6ac326c4aa5,ä¹¦å­,ç‹å©‰ç²,d56dec74d6102bff730c37f31b582bf4
57fcf0e2a74da6ac326c4aa6,ä¹¦å­,ç±³å…œå¤§å”,d56dec74d6102bff730c37f31b582bf4
57fcf0e2a74da6ac326c4aa7,"PointerTan  ",è¯¢,26935086f3d51fd7f57d33be1ef54541
57fcf0e2a74da6ac326c4aa8,"PointerTan  ",é«˜å†·éªšå¹´îŒ½,26935086f3d51fd7f57d33be1ef54541
57fcf0e2a74da6ac326c4aa9,"PointerTan  ",è¯¢,26935086f3d51fd7f57d33be1ef54541
57fcf0e2a74da6ac326c4aaa,ä¹¦å­,Soso,d56dec74d6102bff730c37f31b582bf4
57fcf0e3a74da6ac326c4aab,ä¹¦å­,Soso,d56dec74d6102bff730c37f31b582bf4
57fcf0e3a74da6ac326c4aac,ä¹¦å­,Soso,d56dec74d6102bff730c37f31b582bf4
57fcf0e3a74da6ac326c4aad,ä¹¦å­,Soso,d56dec74d6102bff730c37f31b582bf4
57fcf0e3a74da6ac326c4aae,ä¹¦å­,Soso,d56dec74d6102bff730c37f31b582bf4
57fcf0e3a74da6ac326c4aaf,ä¹¦å­,Soso,d56dec74d6102bff730c37f31b582bf4
57fcf0e3a74da6ac326c4ab0,ä¹¦å­,Soso,d56dec74d6102bff730c37f31b582bf4
57fcf0e3a74da6ac326c4ab1,ä¹¦å­,Soso,d56dec74d6102bff730c37f31b582bf4
57fcf0e3a74da6ac326c4ab2,ä¹¦å­,ä¹¦å­,d56dec74d6102bff730c37f31b582bf4
57fcf0e3a74da6ac326c4ab3,"PointerTan  ",Qiaoidea,26935086f3d51fd7f57d33be1ef54541
57fcf0e3a74da6ac326c4ab4,"PointerTan  ",è¯¢,26935086f3d51fd7f57d33be1ef54541
57fcf0e3a74da6ac326c4ab5,ä¹¦å­,lili,d56dec74d6102bff730c37f31b582bf4
57fcf0e3a74da6ac326c4ab6,"PointerTan  ",Miss BugğŸ’‹,26935086f3d51fd7f57d33be1ef54541
57fcf0e3a74da6ac326c4ab7,ä¹¦å­,æ±‰,d56dec74d6102bff730c37f31b582bf4
57fcf0e4a74da6ac326c4ab8,ä¹¦å­,ä¹¦å­,d56dec74d6102bff730c37f31b582bf4
57fcf0e4a74da6ac326c4ab9,ä¹¦å­,R.,d56dec74d6102bff730c37f31b582bf4
57fcf0e4a74da6ac326c4aba,ç¦å”,Ye Sir,3c323c6c9f40188422a22a383f0d576a
57fcf0e4a74da6ac326c4abb,"PointerTan  ",é«˜å†·éªšå¹´îŒ½,26935086f3d51fd7f57d33be1ef54541
57fcf0e4a74da6ac326c4abc,R.,éƒ­å¿†å‰,389219d279df2dfeb9072a0f81796c46
57fcf0e4a74da6ac326c4abd,R.,æ®·ç­–,389219d279df2dfeb9072a0f81796c46
57fcf0e4a74da6ac326c4abe,R.,helloèŒå°æ— ğŸ ,389219d279df2dfeb9072a0f81796c46
57fcf0e4a74da6ac326c4abf,"PointerTan  ",allen,26935086f3d51fd7f57d33be1ef54541
57fcf0e4a74da6ac326c4ac0,"PointerTan  ",allen,26935086f3d51fd7f57d33be1ef54541
57fcf0e4a74da6ac326c4ac1,R.,é£ç«¯,389219d279df2dfeb9072a0f81796c46
57fcf0e4a74da6ac326c4ac2,Haihai Fu,å½¼å²¸èŠ±,d56dec74d6102bff730c37f31b582bf4
57fcf0e4a74da6ac326c4ac3,Haihai Fu,å½¼å²¸èŠ±,d56dec74d6102bff730c37f31b582bf4
57fcf0e4a74da6ac326c4ac4,R.,è«å¸Œ,389219d279df2dfeb9072a0f81796c46
57fcf0e5a74da6ac326c4ac5,é‘æ˜¥ä¸¨ç‹‚å°‘,é‘æ˜¥ä¸¨ç‹‚å°‘,c2126803b7e6cb9dbbbbe60fcff83f94
57fcf0e5a74da6ac326c4ac6,é‘æ˜¥ä¸¨ç‹‚å°‘,é‘æ˜¥ä¸¨ç‹‚å°‘,c2126803b7e6cb9dbbbbe60fcff83f94
57fcf0e5a74da6ac326c4ac7,é‘æ˜¥ä¸¨ç‹‚å°‘,é‘æ˜¥ä¸¨ç‹‚å°‘,c2126803b7e6cb9dbbbbe60fcff83f94
57fcf0e5a74da6ac326c4ac8,é‘æ˜¥ä¸¨ç‹‚å°‘,é‘æ˜¥ä¸¨ç‹‚å°‘,c2126803b7e6cb9dbbbbe60fcff83f94
57fcf0e5a74da6ac326c4ac9,é‘æ˜¥ä¸¨ç‹‚å°‘,é‘æ˜¥ä¸¨ç‹‚å°‘,c2126803b7e6cb9dbbbbe60fcff83f94
57fcf0e5a74da6ac326c4aca,é‘æ˜¥ä¸¨ç‹‚å°‘,é‘æ˜¥ä¸¨ç‹‚å°‘,c2126803b7e6cb9dbbbbe60fcff83f94
57fcf0e5a74da6ac326c4acb,é‘æ˜¥ä¸¨ç‹‚å°‘,é‘æ˜¥ä¸¨ç‹‚å°‘,c2126803b7e6cb9dbbbbe60fcff83f94
57fcf0e5a74da6ac326c4acc,ä¹¦å­,seatNumber_è±ª,d56dec74d6102bff730c37f31b582bf4
57fcf0e5a74da6ac326c4acd,ä¹¦å­,seatNumber_è±ª,d56dec74d6102bff730c37f31b582bf4
57fcf0e6a74da6ac326c4ace,ä¹¦å­,seatNumber_è±ª,d56dec74d6102bff730c37f31b582bf4
57fcf0e6a74da6ac326c4acf,ä¹¦å­,seatNumber_è±ª,d56dec74d6102bff730c37f31b582bf4
57fcf0e6a74da6ac326c4ad0,ä¹¦å­,seatNumber_è±ª,d56dec74d6102bff730c37f31b582bf4
57fcf0e6a74da6ac326c4ad1,Haihai Fu,å¿ƒæ·±ä¼¼æµ· ï¹Œ,d56dec74d6102bff730c37f31b582bf4
57fcf0e6a74da6ac326c4ad2,Haihai Fu,å¿ƒæ·±ä¼¼æµ· ï¹Œ,d56dec74d6102bff730c37f31b582bf4
57fcf0e6a74da6ac326c4ad3,Haihai Fu,å¿ƒæ·±ä¼¼æµ· ï¹Œ,d56dec74d6102bff730c37f31b582bf4
57fcf0e6a74da6ac326c4ad4,é‘æ˜¥ä¸¨ç‹‚å°‘,é‘æ˜¥ä¸¨ç‹‚å°‘,c2126803b7e6cb9dbbbbe60fcff83f94
